Date,Name,Year,Letterboxd URI
2021-01-31,Joker,2019,https://boxd.it/h4cS
2021-01-31,The Social Network,2010,https://boxd.it/17ue
2021-01-31,The Godfather,1972,https://boxd.it/2aNK
2021-01-31,It,2017,https://boxd.it/bC8e
2021-01-31,Zodiac,2007,https://boxd.it/27MO
2021-01-31,Prisoners,2013,https://boxd.it/4E5i
2021-01-31,The Godfather Part II,1974,https://boxd.it/2aNq
2021-01-31,It Chapter Two,2019,https://boxd.it/h10u
2021-01-31,Palm Springs,2020,https://boxd.it/lCXQ
2021-01-31,Wonder Woman 1984,2020,https://boxd.it/gBtA
2021-01-31,The Usual Suspects,1995,https://boxd.it/29XE
2021-01-31,The Theory of Everything,2014,https://boxd.it/7YtA
2023-01-03,The Whale,2022,https://boxd.it/tw4c
2023-01-03,Nope,2022,https://boxd.it/sDCe
2023-01-03,Black Panther: Wakanda Forever,2022,https://boxd.it/igPu
2023-01-04,Men in Black II,2002,https://boxd.it/2a0y
2023-01-04,The Godfather Part III,1990,https://boxd.it/2aN6
2023-01-04,Insomnia,2002,https://boxd.it/2aB0
2023-01-04,Following,1998,https://boxd.it/1Tj4
2023-01-04,The Matrix Revolutions,2003,https://boxd.it/2a12
2023-01-04,The Matrix Reloaded,2003,https://boxd.it/2a1c
2023-01-04,The Matrix Resurrections,2021,https://boxd.it/n87k
2023-01-04,The Silence of the Lambs,1991,https://boxd.it/2aHW
2023-01-04,Saving Private Ryan,1998,https://boxd.it/29ro
2023-01-04,The Pianist,2002,https://boxd.it/2aqc
2023-01-04,The Shining,1980,https://boxd.it/29Nu
2023-01-04,Die Hard,1988,https://boxd.it/2a7u
2023-01-04,Die Hard 2,1990,https://boxd.it/28zw
2023-01-04,Die Hard With a Vengeance,1995,https://boxd.it/28zG
2023-01-04,Live Free or Die Hard,2007,https://boxd.it/28zQ
2023-01-04,1917,2019,https://boxd.it/jj4y
2023-01-04,Zoolander,2001,https://boxd.it/1YMA
2023-01-04,Zoolander 2,2016,https://boxd.it/aNBE
2023-02-13,Babylon,2022,https://boxd.it/mM02
2023-02-13,All Quiet on the Western Front,2022,https://boxd.it/H08
2023-04-10,Tetris,2023,https://boxd.it/rePK
2023-06-01,The Imitation Game,2014,https://boxd.it/6aig
2023-07-06,Asteroid City,2023,https://boxd.it/s3ds
2023-07-11,Extraction 3,,https://boxd.it/Hayi
2023-07-15,The Man from U.N.C.L.E.,2015,https://boxd.it/67lG
2023-07-20,Grown Ups,2010,https://boxd.it/169a
2023-07-20,Grown Ups 2,2013,https://boxd.it/3GAq
2023-07-22,Kingsman: The Secret Service,2014,https://boxd.it/6dxe
2023-07-22,Deadpool,2016,https://boxd.it/9fOC
2023-07-22,Captain America: The First Avenger,2011,https://boxd.it/28b0
2023-07-22,Spider-Man,2002,https://boxd.it/2a8i
2023-07-22,Spider-Man 2,2004,https://boxd.it/2a88
2023-07-22,Now You See Me,2013,https://boxd.it/2Bsu
2023-07-22,Spider-Man 3,2007,https://boxd.it/2a7Y
2023-07-22,Kingsman: The Golden Circle,2017,https://boxd.it/buJm
2023-07-22,Creed,2015,https://boxd.it/a2qk
2023-07-22,Creed II,2018,https://boxd.it/hgl8
2023-07-22,Black Panther,2018,https://boxd.it/8MHs
2023-07-22,Coach Carter,2005,https://boxd.it/218e
2023-07-22,Ant-Man,2015,https://boxd.it/3vmW
2023-07-22,Shaft,2019,https://boxd.it/htPq
2023-07-22,Avatar,2009,https://boxd.it/1Efm
2023-07-22,Now You See Me 2,2016,https://boxd.it/99fw
2023-07-22,Deadpool 2,2018,https://boxd.it/dlLM
2023-07-22,Edge of Tomorrow,2014,https://boxd.it/4pD0
2023-07-24,The Right Stuff,1983,https://boxd.it/1YoS
2023-07-30,Drive,2011,https://boxd.it/IG
2023-07-30,Nightcrawler,2014,https://boxd.it/780m
2023-08-06,The Other Guys,2010,https://boxd.it/1rtq
2023-08-06,The Basketball Diaries,1995,https://boxd.it/1WaO
2023-08-06,Daddy's Home,2015,https://boxd.it/8jSc
2023-08-06,Daddy's Home 2,2017,https://boxd.it/ePpI
2023-08-06,Ride Along 2,2016,https://boxd.it/awtS
2023-08-06,The Wedding Ringer,2015,https://boxd.it/7pEe
2023-09-01,Paul,2011,https://boxd.it/13uE
2023-09-01,Blue Beetle,2023,https://boxd.it/kJLq
2023-09-01,Talk to Me,2022,https://boxd.it/C6uQ
2023-09-04,Life,2017,https://boxd.it/dRqG
2023-11-04,Silence,2016,https://boxd.it/2cAo
2023-11-04,High Life,2018,https://boxd.it/d6bk
2023-11-04,Event Horizon,1997,https://boxd.it/20d8
2023-11-04,First Man,2018,https://boxd.it/cPym
2023-11-04,Sunshine,2007,https://boxd.it/28Xy
2023-11-24,Doctor Sleep,2019,https://boxd.it/i5vI
2023-11-24,Good Boys,2019,https://boxd.it/iW1G
2023-11-24,BlacKkKlansman,2018,https://boxd.it/hxL8
2023-11-24,Beautiful Boy,2018,https://boxd.it/g76Q
2023-11-24,The Hitman's Bodyguard,2017,https://boxd.it/dCmO
2023-11-24,The Foreigner,2017,https://boxd.it/dbRg
2023-11-24,The Upside,2017,https://boxd.it/fEPM
2023-11-24,Batman: The Killing Joke,2016,https://boxd.it/djxe
2023-11-24,Dirty Grandpa,2016,https://boxd.it/99pG
2023-11-24,Steve Jobs,2015,https://boxd.it/araG
2023-11-24,Straight Outta Compton,2015,https://boxd.it/8rMc
2023-11-24,Southpaw,2015,https://boxd.it/9Phu
2023-11-24,Chef,2014,https://boxd.it/6lCG
2023-11-24,Jack Ryan: Shadow Recruit,2014,https://boxd.it/4pFq
2023-11-24,Men in Black 3,2012,https://boxd.it/103U
2023-11-24,Jack Reacher,2012,https://boxd.it/2BUo
2023-11-24,The Bourne Legacy,2012,https://boxd.it/H16
2023-11-24,Total Recall,2012,https://boxd.it/Ro
2023-11-24,Rebel Moon – Part Two: The Scargiver,2024,https://boxd.it/zdta
2023-11-24,Code 8,2019,https://boxd.it/gu9o
2023-11-24,Code 8 Part II,2024,https://boxd.it/z8Yi
2023-11-26,Infinite,2021,https://boxd.it/lnRe
2023-11-27,It's a Wonderful Life,1946,https://boxd.it/28xA
2023-12-03,Mafia Mamma,2023,https://boxd.it/uuqs
2023-12-27,Old Yeller,1957,https://boxd.it/1AeE
2024-01-29,Silent Night,2023,https://boxd.it/xEF4
2024-02-04,Mission: Impossible – The Final Reckoning,2025,https://boxd.it/l7A2
2024-02-14,Malcolm X,1992,https://boxd.it/27WE
2024-02-14,Ocean's Eleven,2001,https://boxd.it/2aZm
2024-02-14,Ocean's Twelve,2004,https://boxd.it/2aZ2
2024-02-17,Requiem for a Dream,2000,https://boxd.it/29VI
2024-02-25,Operation Fortune: Ruse de Guerre,2023,https://boxd.it/rJXA
2024-02-25,Hidden Figures,2016,https://boxd.it/dgS4
2024-02-27,Bob Marley: One Love,2024,https://boxd.it/uckw
2024-03-03,Ray,2004,https://boxd.it/28km
2024-03-04,Resident Evil: Vendetta,2017,https://boxd.it/e1K2
2024-03-05,Spaceman,2024,https://boxd.it/nC20
2024-03-06,Starship Troopers,1997,https://boxd.it/2a7k
2024-03-10,Rocky,1976,https://boxd.it/28Uk
2024-03-11,The Hangover,2009,https://boxd.it/1GjK
2024-03-11,The Hangover Part II,2011,https://boxd.it/PZI
2024-03-11,The Hangover Part III,2013,https://boxd.it/3GNY
2024-03-11,Another Round,2020,https://boxd.it/lkba
2024-03-12,Rush,2013,https://boxd.it/3lyS
2024-03-13,2001: A Space Odyssey,1968,https://boxd.it/2bf0
2024-03-23,La La Land,2016,https://boxd.it/a5fa
2024-03-23,American Fiction,2023,https://boxd.it/DYHm
2024-03-26,Lethal Weapon,1987,https://boxd.it/29e0
2024-03-26,Lethal Weapon 2,1989,https://boxd.it/29dQ
2024-03-26,Lethal Weapon 3,1992,https://boxd.it/29dG
2024-03-26,Lethal Weapon 4,1998,https://boxd.it/29dw
2024-03-26,The Midnight Sky,2020,https://boxd.it/mK6C
2024-03-26,The Exorcist,1973,https://boxd.it/1Yoo
2024-03-26,The Texas Chain Saw Massacre,1974,https://boxd.it/1lcS
2024-03-26,No Country for Old Men,2007,https://boxd.it/21ew
2024-03-26,King Kong,1933,https://boxd.it/2aMM
2024-03-26,All Quiet on the Western Front,1930,https://boxd.it/2b2g
2024-03-26,Life Is Beautiful,1997,https://boxd.it/29Wm
2024-03-26,"The Good, the Bad and the Ugly",1966,https://boxd.it/2ape
2024-03-26,Seven Samurai,1954,https://boxd.it/2axi
2024-03-26,Godzilla,1954,https://boxd.it/28kc
2024-03-26,Barbie,2023,https://boxd.it/bCLK
2024-03-26,The Iron Claw,2023,https://boxd.it/w5Pm
2024-03-26,Parasite,2019,https://boxd.it/hTha
2024-03-26,Pulp Fiction,1994,https://boxd.it/29Pq
2024-03-26,Fantastic Mr. Fox,2009,https://boxd.it/1WyQ
2024-03-26,Dead Poets Society,1989,https://boxd.it/2aSg
2024-03-26,Superbad,2007,https://boxd.it/20hO
2024-03-26,Hereditary,2018,https://boxd.it/hNVe
2024-03-26,Scott Pilgrim vs. the World,2010,https://boxd.it/1Aq6
2024-03-26,GoodFellas,1990,https://boxd.it/29FA
2024-03-26,"Crazy, Stupid, Love.",2011,https://boxd.it/D9A
2024-03-26,Taxi Driver,1976,https://boxd.it/2b8y
2024-03-26,Tenet,2020,https://boxd.it/leq4
2024-03-26,The Matrix,1999,https://boxd.it/2a1m
2024-03-26,Soul,2020,https://boxd.it/ioLA
2024-03-26,Scream,1996,https://boxd.it/24EC
2024-03-26,Scarface,1983,https://boxd.it/2b7g
2024-03-26,There Will Be Blood,2007,https://boxd.it/20Z2
2024-03-26,The Green Knight,2021,https://boxd.it/kuy2
2024-03-26,Raging Bull,1980,https://boxd.it/28yI
2024-03-26,Jaws,1975,https://boxd.it/2a5e
2024-03-26,Ghostbusters,1984,https://boxd.it/g2w
2024-03-26,The Terminator,1984,https://boxd.it/2aQY
2024-03-26,Tropic Thunder,2008,https://boxd.it/20WM
2024-03-26,Groundhog Day,1993,https://boxd.it/2b3e
2024-03-26,Predator,1987,https://boxd.it/2b84
2024-03-26,The Irishman,2019,https://boxd.it/dYOq
2024-03-26,Halloween,1978,https://boxd.it/2wRu
2024-03-26,12 Years a Slave,2013,https://boxd.it/2D2e
2024-03-26,Popstar: Never Stop Never Stopping,2016,https://boxd.it/blDa
2024-03-26,Total Recall,1990,https://boxd.it/29qK
2024-03-26,American Sniper,2014,https://boxd.it/5LDy
2024-03-26,Anchorman: The Legend of Ron Burgundy,2004,https://boxd.it/1ZVo
2024-03-26,Taken,2008,https://boxd.it/1ZXa
2024-03-26,Last Flag Flying,2017,https://boxd.it/ePAG
2024-03-26,Semi-Pro,2008,https://boxd.it/1Qw0
2024-03-26,South Park: Imaginationland,2008,https://boxd.it/1KZU
2024-03-28,Batman & Robin,1997,https://boxd.it/2ar0
2024-04-01,The Spider Within: A Spider-Verse Story,2023,https://boxd.it/FR76
2024-04-01,Dr. No,1962,https://boxd.it/29UU
2024-04-01,From Russia with Love,1963,https://boxd.it/29T8
2024-04-01,Goldfinger,1964,https://boxd.it/29SY
2024-04-01,Thunderball,1965,https://boxd.it/29SE
2024-04-01,You Only Live Twice,1967,https://boxd.it/29Rw
2024-04-01,Casino Royale,1967,https://boxd.it/1ShQ
2024-04-01,On Her Majesty's Secret Service,1969,https://boxd.it/29Rm
2024-04-01,Diamonds Are Forever,1971,https://boxd.it/29Pg
2024-04-01,Live and Let Die,1973,https://boxd.it/2aLk
2024-04-01,The Man with the Golden Gun,1974,https://boxd.it/29P6
2024-04-01,The Spy Who Loved Me,1977,https://boxd.it/29NY
2024-04-01,Moonraker,1979,https://boxd.it/29MQ
2024-04-01,For Your Eyes Only,1981,https://boxd.it/29MG
2024-04-01,Octopussy,1983,https://boxd.it/29Mw
2024-04-01,Never Say Never Again,1983,https://boxd.it/1a5w
2024-04-01,A View to a Kill,1985,https://boxd.it/29Lo
2024-04-01,The Living Daylights,1987,https://boxd.it/29Le
2024-04-01,Licence to Kill,1989,https://boxd.it/29L4
2024-04-01,Tomorrow Never Dies,1997,https://boxd.it/29Kg
2024-04-01,The World Is Not Enough,1999,https://boxd.it/1a94
2024-04-01,Die Another Day,2002,https://boxd.it/1a5G
2024-04-05,Step Brothers,2008,https://boxd.it/1SsE
2024-04-06,The Accountant,2016,https://boxd.it/9EhI
2024-04-06,Oblivion,2013,https://boxd.it/2Bzq
2024-04-06,Hot Rod,2007,https://boxd.it/1X9C
2024-04-06,Jack Reacher: Never Go Back,2016,https://boxd.it/buAY
2024-04-06,The Raid,2011,https://boxd.it/3hBy
2024-04-06,The Conjuring,2013,https://boxd.it/4sr2
2024-04-06,Monty Python and the Holy Grail,1975,https://boxd.it/29GI
2024-04-06,The Fugitive,1993,https://boxd.it/230G
2024-04-06,Resident Evil,2002,https://boxd.it/28z2
2024-04-06,Watchmen,2009,https://boxd.it/1QE4
2024-04-06,Brothers,2009,https://boxd.it/20WW
2024-04-06,Law Abiding Citizen,2009,https://boxd.it/1A2I
2024-04-06,The Invention of Lying,2009,https://boxd.it/1zGs
2024-04-06,The Book of Eli,2010,https://boxd.it/1Dnu
2024-04-06,Resident Evil: Extinction,2007,https://boxd.it/20Oy
2024-04-06,Resident Evil: Afterlife,2010,https://boxd.it/1bVo
2024-04-06,Resident Evil: The Final Chapter,2016,https://boxd.it/5lqS
2024-04-06,Resident Evil: Retribution,2012,https://boxd.it/2qmK
2024-04-06,Batman,1966,https://boxd.it/26uO
2024-04-09,Contact,1997,https://boxd.it/29OM
2024-04-09,Fly Me to the Moon,2024,https://boxd.it/A7Xg
2024-04-09,Kiss Kiss Bang Bang,2005,https://boxd.it/23c8
2024-04-10,One Flew Over the Cuckoo's Nest,1975,https://boxd.it/2aeA
2024-04-14,The World's End,2013,https://boxd.it/3EiO
2024-04-28,Late Night with the Devil,2023,https://boxd.it/zo6G
2024-04-28,"The Gangster, the Cop, the Devil",2019,https://boxd.it/lnuk
2024-04-28,Don't Look Up,2021,https://boxd.it/o0Hc
2024-04-28,The Intouchables,2011,https://boxd.it/2FT0
2024-05-02,The Wolf of Wall Street,2013,https://boxd.it/3C1m
2024-05-02,The Lord of the Rings: The Fellowship of the Ring,2001,https://boxd.it/2b5O
2024-05-02,Donnie Darko,2001,https://boxd.it/2b2A
2024-05-02,The Lord of the Rings: The Return of the King,2003,https://boxd.it/2b5u
2024-05-02,The Lord of the Rings: The Two Towers,2002,https://boxd.it/2b5E
2024-05-02,Zombieland,2009,https://boxd.it/1En6
2024-05-02,Borat: Cultural Learnings of America for Make Benefit Glorious Nation of Kazakhstan,2006,https://boxd.it/2agQ
2024-05-02,The Transporter,2002,https://boxd.it/24Nu
2024-05-02,Transporter 2,2005,https://boxd.it/1YWq
2024-05-02,The Mechanic,2011,https://boxd.it/1rtg
2024-05-02,Transporter 3,2008,https://boxd.it/1QhE
2024-05-02,Mechanic: Resurrection,2016,https://boxd.it/8wj0
2024-05-12,Planet of the Apes,2001,https://boxd.it/29ps
2024-05-12,Battle for the Planet of the Apes,1973,https://boxd.it/28gu
2024-05-12,Conquest of the Planet of the Apes,1972,https://boxd.it/28iA
2024-05-12,War for the Planet of the Apes,2017,https://boxd.it/8FE2
2024-05-12,Rise of the Planet of the Apes,2011,https://boxd.it/cS4
2024-05-12,Dawn of the Planet of the Apes,2014,https://boxd.it/3XyQ
2024-05-12,Kingdom of the Planet of the Apes,2024,https://boxd.it/ohEE
2024-05-16,Judas and the Black Messiah,2021,https://boxd.it/lsew
2024-05-26,Trainspotting,1996,https://boxd.it/29XY
2024-05-31,Office Space,1999,https://boxd.it/28Em
2024-05-31,The Black Phone,2021,https://boxd.it/sqFE
2024-06-08,Before Sunrise,1995,https://boxd.it/2bcU
2024-06-08,Before Sunset,2004,https://boxd.it/2bcg
2024-06-08,Before Midnight,2013,https://boxd.it/4ive
2024-06-09,We Need to Talk About Kevin,2011,https://boxd.it/2pTS
2024-06-09,Violent,2014,https://boxd.it/8Djw
2024-06-09,"The Boy, the Mole, the Fox and the Horse",2022,https://boxd.it/BBT6
2024-06-09,Big Fish,2003,https://boxd.it/2a3M
2024-06-10,Molly's Game,2017,https://boxd.it/dSl8
2024-06-11,Beverly Hills Cop II,1987,https://boxd.it/2b9G
2024-06-11,Beverly Hills Cop,1984,https://boxd.it/2baE
2024-06-11,Beverly Hills Cop III,1994,https://boxd.it/2aDg
2024-06-12,Hit Man,2023,https://boxd.it/ANB2
2024-06-12,Godzilla Minus One,2023,https://boxd.it/zu4c
2024-06-12,Her,2013,https://boxd.it/4O24
2024-06-13,Eyes Wide Shut,1999,https://boxd.it/2axs
2024-06-24,Glass,2019,https://boxd.it/g3uO
2024-06-25,Cuckoo,2024,https://boxd.it/wMjI
2024-07-11,The Great Gatsby,2013,https://boxd.it/JY
2024-07-16,Midnight in Paris,2011,https://boxd.it/i4a
2024-07-18,Ali,2001,https://boxd.it/205e
2024-07-22,Werewolf by Night,2022,https://boxd.it/xMrO
2024-07-22,The Guardians of the Galaxy Holiday Special,2022,https://boxd.it/t77K
2024-07-22,Guardians of the Galaxy Vol. 3,2023,https://boxd.it/fVNI
2024-07-22,The Marvels,2023,https://boxd.it/mwU4
2024-07-22,Captain America: Brave New World,2025,https://boxd.it/uYDm
2024-07-22,The Fantastic Four: First Steps,2025,https://boxd.it/mP6C
2024-07-22,Blade,,https://boxd.it/mOS6
2024-07-22,Thunderbolts*,2025,https://boxd.it/BfbQ
2024-07-22,Avengers: Doomsday,2026,https://boxd.it/BVqy
2024-07-22,Avengers: Secret Wars,2027,https://boxd.it/BVqI
2024-07-22,Untitled Shang-Chi Sequel,,https://boxd.it/ymuY
2024-07-22,Armor Wars,,https://boxd.it/CWXA
2024-07-22,Spider-Man 4,2026,https://boxd.it/ACJE
2024-09-24,Small Things Like These,2024,https://boxd.it/FHIm
2024-09-24,Mickey 17,2025,https://boxd.it/q1Dk
2024-09-25,Sinners,2025,https://boxd.it/KQMM
2024-09-25,Rebel Ridge,2024,https://boxd.it/nZum
2024-09-25,Longlegs,2024,https://boxd.it/KzLM
2024-09-25,Speak No Evil,2024,https://boxd.it/G9f8
2024-09-25,Kill Bill: Vol. 1,2003,https://boxd.it/70w
2024-10-04,Slingshot,2024,https://boxd.it/ywew
2024-10-04,Wolfs,2024,https://boxd.it/x6zG
2024-10-10,Heretic,2024,https://boxd.it/H1lY
2024-10-14,He Got Game,1998,https://boxd.it/1YBs
2024-10-16,Sweetwater,2023,https://boxd.it/BiiA
2024-10-18,The Last Samurai,2003,https://boxd.it/29ZA
2024-10-21,It's What's Inside,2024,https://boxd.it/DOV4
2024-11-02,Suki,2019,https://boxd.it/tnJ6
2024-11-10,Man on the Moon,1999,https://boxd.it/281k
2024-11-11,Eternal Sunshine of the Spotless Mind,2004,https://boxd.it/6YK
2024-11-11,Tell Me Who I Am,2019,https://boxd.it/ndL0
2024-11-11,Ocean's Eleven,1960,https://boxd.it/2aEo
2024-11-11,Just Mercy,2019,https://boxd.it/iXj2
2024-11-15,The Amateur,2025,https://boxd.it/F9NW
2024-11-25,London Has Fallen,2016,https://boxd.it/814o
2024-11-25,Olympus Has Fallen,2013,https://boxd.it/3TMY
2024-11-26,In Bruges,2008,https://boxd.it/20n8
2024-11-26,Brawl in Cell Block 99,2017,https://boxd.it/dWOo
2024-12-06,Havoc,,https://boxd.it/oTok
2024-12-08,Juror #2,2024,https://boxd.it/FRwU
2024-12-11,Conclave,2024,https://boxd.it/AO8q
